Patient_ID,Risk,Probability,Date
69,Low,0.399,2026-03-08 01:44
72,Medium,0.4320000112056732,2026-03-08 01:53
202,Medium,0.6629999876022339,2026-03-08 19:17
78,High,0.9929999709129332,2026-03-08 19:33
156,Low,0.2529999911785126,2026-03-08 19:42
4,High,0.9900000095367432,2026-03-08 20:14
9,Low,0.2569999992847442,2026-03-08 22:21
23,Medium,0.5910000205039978,2026-03-08 22:28
8,High,0.9760000109672546,2026-03-08 22:56
7,High,0.9940000176429749,2026-03-08 23:04
43,Low,0.2370000034570694,2026-03-08 23:05
95,Medium,0.6940000057220459,2026-03-08 23:05
9,Low,0.2569999992847442,2026-03-09 10:25
PT-00010,High,0.829,2026-03-20 17:55
PT-00076,Medium,0.58,2026-03-21 22:02
PT-00076,Medium,0.58,2026-03-21 22:02
PT-00012,Low,0.211,2026-03-23 17:56
